"Indicator Name","What Is This Indicator","Location Type",Location,"Indicator Value","Indicator Value Units","Lower Confidence Interval","Upper Confidence Interval","Indicator Value Unstable","Period of Measure","Data Source","Technical Note","Breakout Title","Breakout Category","Breakout Subcategory","Breakout Value","Breakout Value Units","Breakout Lower Confidence Interval","Breakout Upper Confidence Interval","Breakout Unstable","Breakout Footer"
"Per Capita Income","This indicator shows the per capita income.","Zip Code",94501,46554,dollars,45053,48055,No,2014-2018,"American Community Survey",,,,,,,,,,
"Per Capita Income","This indicator shows the per capita income.","Zip Code",94501,45122,dollars,43515,46729,No,2013-2017,"American Community Survey",,,,,,,,,,
"Per Capita Income","This indicator shows the per capita income.","Zip Code",94501,43097,dollars,41581,44613,No,2012-2016,"American Community Survey",,,,,,,,,,
"Per Capita Income","This indicator shows the per capita income.","Zip Code",94501,41592,dollars,39575,43609,No,2011-2015,"American Community Survey",,,,,,,,,,
"Per Capita Income","This indicator shows the per capita income.","Zip Code",94501,39347,dollars,37819,40875,No,2010-2014,"American Community Survey",,,,,,,,,,
"Per Capita Income","This indicator shows the per capita income.","Zip Code",94501,38185,dollars,36629,39741,No,2009-2013,"American Community Survey",,,,,,,,,,
"Per Capita Income","This indicator shows the per capita income.","Zip Code",94501,38066,dollars,36651,39481,No,2008-2012,"American Community Survey",,,,,,,,,,
"Per Capita Income","This indicator shows the per capita income.","Zip Code",94501,37018,dollars,35689,38347,No,2007-2011,"American Community Survey",,,,,,,,,,
"Per Capita Income","This indicator shows the per capita income.","Zip Code",94502,58560,dollars,54113,63007,No,2014-2018,"American Community Survey",,,,,,,,,,
"Per Capita Income","This indicator shows the per capita income.","Zip Code",94502,56505,dollars,51187,61823,No,2013-2017,"American Community Survey",,,,,,,,,,
"Per Capita Income","This indicator shows the per capita income.","Zip Code",94502,56706,dollars,50922,62490,No,2012-2016,"American Community Survey",,,,,,,,,,
"Per Capita Income","This indicator shows the per capita income.","Zip Code",94502,58635,dollars,52590,64680,No,2011-2015,"American Community Survey",,,,,,,,,,
"Per Capita Income","This indicator shows the per capita income.","Zip Code",94502,56483,dollars,51420,61546,No,2010-2014,"American Community Survey",,,,,,,,,,
"Per Capita Income","This indicator shows the per capita income.","Zip Code",94502,56096,dollars,50870,61322,No,2009-2013,"American Community Survey",,,,,,,,,,
"Per Capita Income","This indicator shows the per capita income.","Zip Code",94502,53952,dollars,49633,58271,No,2008-2012,"American Community Survey",,,,,,,,,,
"Per Capita Income","This indicator shows the per capita income.","Zip Code",94502,48959,dollars,45967,51951,No,2007-2011,"American Community Survey",,,,,,,,,,
"Per Capita Income","This indicator shows the per capita income.","Zip Code",94536,46643,dollars,45148,48138,No,2014-2018,"American Community Survey",,,,,,,,,,
"Per Capita Income","This indicator shows the per capita income.","Zip Code",94536,44667,dollars,43064,46270,No,2013-2017,"American Community Survey",,,,,,,,,,
"Per Capita Income","This indicator shows the per capita income.","Zip Code",94536,41515,dollars,40021,43009,No,2012-2016,"American Community Survey",,,,,,,,,,
"Per Capita Income","This indicator shows the per capita income.","Zip Code",94536,39137,dollars,37947,40327,No,2011-2015,"American Community Survey",,,,,,,,,,
"Per Capita Income","This indicator shows the per capita income.","Zip Code",94536,38245,dollars,36918,39572,No,2010-2014,"American Community Survey",,,,,,,,,,
"Per Capita Income","This indicator shows the per capita income.","Zip Code",94536,37039,dollars,35285,38793,No,2009-2013,"American Community Survey",,,,,,,,,,
"Per Capita Income","This indicator shows the per capita income.","Zip Code",94536,35960,dollars,34591,37329,No,2008-2012,"American Community Survey",,,,,,,,,,
"Per Capita Income","This indicator shows the per capita income.","Zip Code",94536,36677,dollars,35346,38008,No,2007-2011,"American Community Survey",,,,,,,,,,
"Per Capita Income","This indicator shows the per capita income.","Zip Code",94538,41897,dollars,40565,43229,No,2014-2018,"American Community Survey",,,,,,,,,,
"Per Capita Income","This indicator shows the per capita income.","Zip Code",94538,39321,dollars,38249,40393,No,2013-2017,"American Community Survey",,,,,,,,,,
"Per Capita Income","This indicator shows the per capita income.","Zip Code",94538,37068,dollars,35637,38499,No,2012-2016,"American Community Survey",,,,,,,,,,
"Per Capita Income","This indicator shows the per capita income.","Zip Code",94538,35073,dollars,33823,36323,No,2011-2015,"American Community Survey",,,,,,,,,,
"Per Capita Income","This indicator shows the per capita income.","Zip Code",94538,34247,dollars,33055,35439,No,2010-2014,"American Community Survey",,,,,,,,,,
"Per Capita Income","This indicator shows the per capita income.","Zip Code",94538,34237,dollars,32952,35522,No,2009-2013,"American Community Survey",,,,,,,,,,
"Per Capita Income","This indicator shows the per capita income.","Zip Code",94538,32150,dollars,30873,33427,No,2008-2012,"American Community Survey",,,,,,,,,,
"Per Capita Income","This indicator shows the per capita income.","Zip Code",94538,31661,dollars,30288,33034,No,2007-2011,"American Community Survey",,,,,,,,,,
"Per Capita Income","This indicator shows the per capita income.","Zip Code",94539,61948,dollars,60090,63806,No,2014-2018,"American Community Survey",,,,,,,,,,
"Per Capita Income","This indicator shows the per capita income.","Zip Code",94539,59591,dollars,57821,61361,No,2013-2017,"American Community Survey",,,,,,,,,,
"Per Capita Income","This indicator shows the per capita income.","Zip Code",94539,55160,dollars,53530,56790,No,2012-2016,"American Community Survey",,,,,,,,,,
"Per Capita Income","This indicator shows the per capita income.","Zip Code",94539,52694,dollars,51135,54253,No,2011-2015,"American Community Survey",,,,,,,,,,
"Per Capita Income","This indicator shows the per capita income.","Zip Code",94539,51557,dollars,50150,52964,No,2010-2014,"American Community Survey",,,,,,,,,,
"Per Capita Income","This indicator shows the per capita income.","Zip Code",94539,50701,dollars,48945,52457,No,2009-2013,"American Community Survey",,,,,,,,,,
"Per Capita Income","This indicator shows the per capita income.","Zip Code",94539,49190,dollars,47473,50907,No,2008-2012,"American Community Survey",,,,,,,,,,
"Per Capita Income","This indicator shows the per capita income.","Zip Code",94539,49378,dollars,47463,51293,No,2007-2011,"American Community Survey",,,,,,,,,,
"Per Capita Income","This indicator shows the per capita income.","Zip Code",94541,31260,dollars,30230,32290,No,2014-2018,"American Community Survey",,,,,,,,,,
"Per Capita Income","This indicator shows the per capita income.","Zip Code",94541,28610,dollars,27531,29689,No,2013-2017,"American Community Survey",,,,,,,,,,
"Per Capita Income","This indicator shows the per capita income.","Zip Code",94541,27066,dollars,25939,28193,No,2012-2016,"American Community Survey",,,,,,,,,,
"Per Capita Income","This indicator shows the per capita income.","Zip Code",94541,25830,dollars,24880,26780,No,2011-2015,"American Community Survey",,,,,,,,,,
"Per Capita Income","This indicator shows the per capita income.","Zip Code",94541,24593,dollars,23520,25666,No,2010-2014,"American Community Survey",,,,,,,,,,
"Per Capita Income","This indicator shows the per capita income.","Zip Code",94541,24755,dollars,23784,25726,No,2009-2013,"American Community Survey",,,,,,,,,,
"Per Capita Income","This indicator shows the per capita income.","Zip Code",94541,24346,dollars,23474,25218,No,2008-2012,"American Community Survey",,,,,,,,,,
"Per Capita Income","This indicator shows the per capita income.","Zip Code",94541,24689,dollars,23732,25646,No,2007-2011,"American Community Survey",,,,,,,,,,
"Per Capita Income","This indicator shows the per capita income.","Zip Code",94542,42189,dollars,38906,45472,No,2014-2018,"American Community Survey",,,,,,,,,,
"Per Capita Income","This indicator shows the per capita income.","Zip Code",94542,41793,dollars,38033,45553,No,2013-2017,"American Community Survey",,,,,,,,,,
"Per Capita Income","This indicator shows the per capita income.","Zip Code",94542,41176,dollars,37779,44573,No,2012-2016,"American Community Survey",,,,,,,,,,
"Per Capita Income","This indicator shows the per capita income.","Zip Code",94542,39287,dollars,36814,41760,No,2011-2015,"American Community Survey",,,,,,,,,,
"Per Capita Income","This indicator shows the per capita income.","Zip Code",94542,37991,dollars,34848,41134,No,2010-2014,"American Community Survey",,,,,,,,,,
"Per Capita Income","This indicator shows the per capita income.","Zip Code",94542,39329,dollars,36460,42198,No,2009-2013,"American Community Survey",,,,,,,,,,
"Per Capita Income","This indicator shows the per capita income.","Zip Code",94542,38923,dollars,35359,42487,No,2008-2012,"American Community Survey",,,,,,,,,,
"Per Capita Income","This indicator shows the per capita income.","Zip Code",94542,38279,dollars,35375,41183,No,2007-2011,"American Community Survey",,,,,,,,,,
"Per Capita Income","This indicator shows the per capita income.","Zip Code",94544,28569,dollars,27715,29423,No,2014-2018,"American Community Survey",,,,,,,,,,
"Per Capita Income","This indicator shows the per capita income.","Zip Code",94544,26295,dollars,25568,27022,No,2013-2017,"American Community Survey",,,,,,,,,,
"Per Capita Income","This indicator shows the per capita income.","Zip Code",94544,24166,dollars,23392,24940,No,2012-2016,"American Community Survey",,,,,,,,,,
"Per Capita Income","This indicator shows the per capita income.","Zip Code",94544,23223,dollars,22472,23974,No,2011-2015,"American Community Survey",,,,,,,,,,
"Per Capita Income","This indicator shows the per capita income.","Zip Code",94544,22943,dollars,22239,23647,No,2010-2014,"American Community Survey",,,,,,,,,,
"Per Capita Income","This indicator shows the per capita income.","Zip Code",94544,22479,dollars,21861,23097,No,2009-2013,"American Community Survey",,,,,,,,,,
"Per Capita Income","This indicator shows the per capita income.","Zip Code",94544,22496,dollars,21719,23273,No,2008-2012,"American Community Survey",,,,,,,,,,
"Per Capita Income","This indicator shows the per capita income.","Zip Code",94544,22393,dollars,21595,23191,No,2007-2011,"American Community Survey",,,,,,,,,,
"Per Capita Income","This indicator shows the per capita income.","Zip Code",94545,31905,dollars,29383,34427,No,2014-2018,"American Community Survey",,,,,,,,,,
"Per Capita Income","This indicator shows the per capita income.","Zip Code",94545,30510,dollars,28265,32755,No,2013-2017,"American Community Survey",,,,,,,,,,
"Per Capita Income","This indicator shows the per capita income.","Zip Code",94545,30308,dollars,28069,32547,No,2012-2016,"American Community Survey",,,,,,,,,,
"Per Capita Income","This indicator shows the per capita income.","Zip Code",94545,28148,dollars,26833,29463,No,2011-2015,"American Community Survey",,,,,,,,,,
"Per Capita Income","This indicator shows the per capita income.","Zip Code",94545,28150,dollars,26621,29679,No,2010-2014,"American Community Survey",,,,,,,,,,
"Per Capita Income","This indicator shows the per capita income.","Zip Code",94545,27979,dollars,26544,29414,No,2009-2013,"American Community Survey",,,,,,,,,,
"Per Capita Income","This indicator shows the per capita income.","Zip Code",94545,27930,dollars,26560,29300,No,2008-2012,"American Community Survey",,,,,,,,,,
"Per Capita Income","This indicator shows the per capita income.","Zip Code",94545,26631,dollars,25441,27821,No,2007-2011,"American Community Survey",,,,,,,,,,
"Per Capita Income","This indicator shows the per capita income.","Zip Code",94546,42245,dollars,40501,43989,No,2014-2018,"American Community Survey",,,,,,,,,,
"Per Capita Income","This indicator shows the per capita income.","Zip Code",94546,39953,dollars,38215,41691,No,2013-2017,"American Community Survey",,,,,,,,,,
"Per Capita Income","This indicator shows the per capita income.","Zip Code",94546,37457,dollars,36092,38822,No,2012-2016,"American Community Survey",,,,,,,,,,
"Per Capita Income","This indicator shows the per capita income.","Zip Code",94546,36228,dollars,34687,37769,No,2011-2015,"American Community Survey",,,,,,,,,,
"Per Capita Income","This indicator shows the per capita income.","Zip Code",94546,35537,dollars,34161,36913,No,2010-2014,"American Community Survey",,,,,,,,,,
"Per Capita Income","This indicator shows the per capita income.","Zip Code",94546,35705,dollars,34378,37032,No,2009-2013,"American Community Survey",,,,,,,,,,
"Per Capita Income","This indicator shows the per capita income.","Zip Code",94546,35799,dollars,34199,37399,No,2008-2012,"American Community Survey",,,,,,,,,,
"Per Capita Income","This indicator shows the per capita income.","Zip Code",94546,35694,dollars,34105,37283,No,2007-2011,"American Community Survey",,,,,,,,,,
"Per Capita Income","This indicator shows the per capita income.","Zip Code",94550,55188,dollars,53111,57265,No,2014-2018,"American Community Survey",,,,,,,,,,
"Per Capita Income","This indicator shows the per capita income.","Zip Code",94550,51770,dollars,49564,53976,No,2013-2017,"American Community Survey",,,,,,,,,,
"Per Capita Income","This indicator shows the per capita income.","Zip Code",94550,48840,dollars,47154,50526,No,2012-2016,"American Community Survey",,,,,,,,,,
"Per Capita Income","This indicator shows the per capita income.","Zip Code",94550,47171,dollars,45625,48717,No,2011-2015,"American Community Survey",,,,,,,,,,
"Per Capita Income","This indicator shows the per capita income.","Zip Code",94550,46145,dollars,44051,48239,No,2010-2014,"American Community Survey",,,,,,,,,,
"Per Capita Income","This indicator shows the per capita income.","Zip Code",94550,46154,dollars,44177,48131,No,2009-2013,"American Community Survey",,,,,,,,,,
"Per Capita Income","This indicator shows the per capita income.","Zip Code",94550,45736,dollars,44025,47447,No,2008-2012,"American Community Survey",,,,,,,,,,
"Per Capita Income","This indicator shows the per capita income.","Zip Code",94550,44879,dollars,43069,46689,No,2007-2011,"American Community Survey",,,,,,,,,,
"Per Capita Income","This indicator shows the per capita income.","Zip Code",94551,46851,dollars,44967,48735,No,2014-2018,"American Community Survey",,,,,,,,,,
"Per Capita Income","This indicator shows the per capita income.","Zip Code",94551,45709,dollars,43692,47726,No,2013-2017,"American Community Survey",,,,,,,,,,
"Per Capita Income","This indicator shows the per capita income.","Zip Code",94551,42520,dollars,40285,44755,No,2012-2016,"American Community Survey",,,,,,,,,,
"Per Capita Income","This indicator shows the per capita income.","Zip Code",94551,40620,dollars,38626,42614,No,2011-2015,"American Community Survey",,,,,,,,,,
"Per Capita Income","This indicator shows the per capita income.","Zip Code",94551,40775,dollars,38924,42626,No,2010-2014,"American Community Survey",,,,,,,,,,
"Per Capita Income","This indicator shows the per capita income.","Zip Code",94551,39465,dollars,37443,41487,No,2009-2013,"American Community Survey",,,,,,,,,,
"Per Capita Income","This indicator shows the per capita income.","Zip Code",94551,39235,dollars,37335,41135,No,2008-2012,"American Community Survey",,,,,,,,,,
"Per Capita Income","This indicator shows the per capita income.","Zip Code",94551,39062,dollars,37215,40909,No,2007-2011,"American Community Survey",,,,,,,,,,
"Per Capita Income","This indicator shows the per capita income.","Zip Code",94552,66913,dollars,61760,72066,No,2014-2018,"American Community Survey",,,,,,,,,,
"Per Capita Income","This indicator shows the per capita income.","Zip Code",94552,60316,dollars,55336,65296,No,2013-2017,"American Community Survey",,,,,,,,,,
"Per Capita Income","This indicator shows the per capita income.","Zip Code",94552,55170,dollars,51457,58883,No,2012-2016,"American Community Survey",,,,,,,,,,
"Per Capita Income","This indicator shows the per capita income.","Zip Code",94552,55487,dollars,50860,60114,No,2011-2015,"American Community Survey",,,,,,,,,,
"Per Capita Income","This indicator shows the per capita income.","Zip Code",94552,55669,dollars,51214,60124,No,2010-2014,"American Community Survey",,,,,,,,,,
"Per Capita Income","This indicator shows the per capita income.","Zip Code",94552,52462,dollars,48561,56363,No,2009-2013,"American Community Survey",,,,,,,,,,
"Per Capita Income","This indicator shows the per capita income.","Zip Code",94552,52389,dollars,49124,55654,No,2008-2012,"American Community Survey",,,,,,,,,,
"Per Capita Income","This indicator shows the per capita income.","Zip Code",94552,51571,dollars,48222,54920,No,2007-2011,"American Community Survey",,,,,,,,,,
"Per Capita Income","This indicator shows the per capita income.","Zip Code",94555,51491,dollars,49032,53950,No,2014-2018,"American Community Survey",,,,,,,,,,
"Per Capita Income","This indicator shows the per capita income.","Zip Code",94555,47817,dollars,45448,50186,No,2013-2017,"American Community Survey",,,,,,,,,,
"Per Capita Income","This indicator shows the per capita income.","Zip Code",94555,44812,dollars,42807,46817,No,2012-2016,"American Community Survey",,,,,,,,,,
"Per Capita Income","This indicator shows the per capita income.","Zip Code",94555,42757,dollars,40751,44763,No,2011-2015,"American Community Survey",,,,,,,,,,
"Per Capita Income","This indicator shows the per capita income.","Zip Code",94555,42171,dollars,40140,44202,No,2010-2014,"American Community Survey",,,,,,,,,,
"Per Capita Income","This indicator shows the per capita income.","Zip Code",94555,41533,dollars,39402,43664,No,2009-2013,"American Community Survey",,,,,,,,,,
"Per Capita Income","This indicator shows the per capita income.","Zip Code",94555,40279,dollars,38392,42166,No,2008-2012,"American Community Survey",,,,,,,,,,
"Per Capita Income","This indicator shows the per capita income.","Zip Code",94555,39495,dollars,38011,40979,No,2007-2011,"American Community Survey",,,,,,,,,,
"Per Capita Income","This indicator shows the per capita income.","Zip Code",94560,39107,dollars,37438,40776,No,2014-2018,"American Community Survey",,,,,,,,,,
"Per Capita Income","This indicator shows the per capita income.","Zip Code",94560,35920,dollars,34218,37622,No,2013-2017,"American Community Survey",,,,,,,,,,
"Per Capita Income","This indicator shows the per capita income.","Zip Code",94560,34318,dollars,32919,35717,No,2012-2016,"American Community Survey",,,,,,,,,,
"Per Capita Income","This indicator shows the per capita income.","Zip Code",94560,32220,dollars,31116,33324,No,2011-2015,"American Community Survey",,,,,,,,,,
"Per Capita Income","This indicator shows the per capita income.","Zip Code",94560,31825,dollars,30662,32988,No,2010-2014,"American Community Survey",,,,,,,,,,
"Per Capita Income","This indicator shows the per capita income.","Zip Code",94560,31056,dollars,29838,32274,No,2009-2013,"American Community Survey",,,,,,,,,,
"Per Capita Income","This indicator shows the per capita income.","Zip Code",94560,30178,dollars,28965,31391,No,2008-2012,"American Community Survey",,,,,,,,,,
"Per Capita Income","This indicator shows the per capita income.","Zip Code",94560,29375,dollars,28215,30535,No,2007-2011,"American Community Survey",,,,,,,,,,
"Per Capita Income","This indicator shows the per capita income.","Zip Code",94566,68989,dollars,66221,71757,No,2014-2018,"American Community Survey",,,,,,,,,,
"Per Capita Income","This indicator shows the per capita income.","Zip Code",94566,64042,dollars,61392,66692,No,2013-2017,"American Community Survey",,,,,,,,,,
"Per Capita Income","This indicator shows the per capita income.","Zip Code",94566,58240,dollars,56151,60329,No,2012-2016,"American Community Survey",,,,,,,,,,
"Per Capita Income","This indicator shows the per capita income.","Zip Code",94566,53641,dollars,50903,56379,No,2011-2015,"American Community Survey",,,,,,,,,,
"Per Capita Income","This indicator shows the per capita income.","Zip Code",94566,52095,dollars,49503,54687,No,2010-2014,"American Community Survey",,,,,,,,,,
"Per Capita Income","This indicator shows the per capita income.","Zip Code",94566,51910,dollars,49686,54134,No,2009-2013,"American Community Survey",,,,,,,,,,
"Per Capita Income","This indicator shows the per capita income.","Zip Code",94566,53376,dollars,51310,55442,No,2008-2012,"American Community Survey",,,,,,,,,,
"Per Capita Income","This indicator shows the per capita income.","Zip Code",94566,53089,dollars,50680,55498,No,2007-2011,"American Community Survey",,,,,,,,,,
"Per Capita Income","This indicator shows the per capita income.","Zip Code",94568,57510,dollars,55742,59278,No,2014-2018,"American Community Survey",,,,,,,,,,
"Per Capita Income","This indicator shows the per capita income.","Zip Code",94568,53402,dollars,51184,55620,No,2013-2017,"American Community Survey",,,,,,,,,,
"Per Capita Income","This indicator shows the per capita income.","Zip Code",94568,50220,dollars,48469,51971,No,2012-2016,"American Community Survey",,,,,,,,,,
"Per Capita Income","This indicator shows the per capita income.","Zip Code",94568,47043,dollars,45150,48936,No,2011-2015,"American Community Survey",,,,,,,,,,
"Per Capita Income","This indicator shows the per capita income.","Zip Code",94568,44233,dollars,42274,46192,No,2010-2014,"American Community Survey",,,,,,,,,,
"Per Capita Income","This indicator shows the per capita income.","Zip Code",94568,42534,dollars,41122,43946,No,2009-2013,"American Community Survey",,,,,,,,,,
"Per Capita Income","This indicator shows the per capita income.","Zip Code",94568,43427,dollars,41609,45245,No,2008-2012,"American Community Survey",,,,,,,,,,
"Per Capita Income","This indicator shows the per capita income.","Zip Code",94568,41215,dollars,39728,42702,No,2007-2011,"American Community Survey",,,,,,,,,,
"Per Capita Income","This indicator shows the per capita income.","Zip Code",94577,35985,dollars,34601,37369,No,2014-2018,"American Community Survey",,,,,,,,,,
"Per Capita Income","This indicator shows the per capita income.","Zip Code",94577,33955,dollars,32795,35115,No,2013-2017,"American Community Survey",,,,,,,,,,
"Per Capita Income","This indicator shows the per capita income.","Zip Code",94577,32262,dollars,31044,33480,No,2012-2016,"American Community Survey",,,,,,,,,,
"Per Capita Income","This indicator shows the per capita income.","Zip Code",94577,30868,dollars,29576,32160,No,2011-2015,"American Community Survey",,,,,,,,,,
"Per Capita Income","This indicator shows the per capita income.","Zip Code",94577,30643,dollars,29581,31705,No,2010-2014,"American Community Survey",,,,,,,,,,
"Per Capita Income","This indicator shows the per capita income.","Zip Code",94577,30705,dollars,29473,31937,No,2009-2013,"American Community Survey",,,,,,,,,,
"Per Capita Income","This indicator shows the per capita income.","Zip Code",94577,29594,dollars,28262,30926,No,2008-2012,"American Community Survey",,,,,,,,,,
"Per Capita Income","This indicator shows the per capita income.","Zip Code",94577,29076,dollars,27878,30274,No,2007-2011,"American Community Survey",,,,,,,,,,
"Per Capita Income","This indicator shows the per capita income.","Zip Code",94578,29062,dollars,27729,30395,No,2014-2018,"American Community Survey",,,,,,,,,,
"Per Capita Income","This indicator shows the per capita income.","Zip Code",94578,26624,dollars,25222,28026,No,2013-2017,"American Community Survey",,,,,,,,,,
"Per Capita Income","This indicator shows the per capita income.","Zip Code",94578,25429,dollars,24000,26858,No,2012-2016,"American Community Survey",,,,,,,,,,
"Per Capita Income","This indicator shows the per capita income.","Zip Code",94578,24090,dollars,22897,25283,No,2011-2015,"American Community Survey",,,,,,,,,,
"Per Capita Income","This indicator shows the per capita income.","Zip Code",94578,23458,dollars,22187,24729,No,2010-2014,"American Community Survey",,,,,,,,,,
"Per Capita Income","This indicator shows the per capita income.","Zip Code",94578,23200,dollars,21923,24477,No,2009-2013,"American Community Survey",,,,,,,,,,
"Per Capita Income","This indicator shows the per capita income.","Zip Code",94578,23348,dollars,22198,24498,No,2008-2012,"American Community Survey",,,,,,,,,,
"Per Capita Income","This indicator shows the per capita income.","Zip Code",94578,24002,dollars,22619,25385,No,2007-2011,"American Community Survey",,,,,,,,,,
"Per Capita Income","This indicator shows the per capita income.","Zip Code",94579,32697,dollars,30736,34658,No,2014-2018,"American Community Survey",,,,,,,,,,
"Per Capita Income","This indicator shows the per capita income.","Zip Code",94579,31233,dollars,29030,33436,No,2013-2017,"American Community Survey",,,,,,,,,,
"Per Capita Income","This indicator shows the per capita income.","Zip Code",94579,29649,dollars,27728,31570,No,2012-2016,"American Community Survey",,,,,,,,,,
"Per Capita Income","This indicator shows the per capita income.","Zip Code",94579,28466,dollars,26459,30473,No,2011-2015,"American Community Survey",,,,,,,,,,
"Per Capita Income","This indicator shows the per capita income.","Zip Code",94579,29426,dollars,27491,31361,No,2010-2014,"American Community Survey",,,,,,,,,,
"Per Capita Income","This indicator shows the per capita income.","Zip Code",94579,27704,dollars,25939,29469,No,2009-2013,"American Community Survey",,,,,,,,,,
"Per Capita Income","This indicator shows the per capita income.","Zip Code",94579,26947,dollars,25374,28520,No,2008-2012,"American Community Survey",,,,,,,,,,
"Per Capita Income","This indicator shows the per capita income.","Zip Code",94579,27071,dollars,25431,28711,No,2007-2011,"American Community Survey",,,,,,,,,,
"Per Capita Income","This indicator shows the per capita income.","Zip Code",94580,32281,dollars,30754,33808,No,2014-2018,"American Community Survey",,,,,,,,,,
"Per Capita Income","This indicator shows the per capita income.","Zip Code",94580,30605,dollars,29231,31979,No,2013-2017,"American Community Survey",,,,,,,,,,
"Per Capita Income","This indicator shows the per capita income.","Zip Code",94580,29268,dollars,27773,30763,No,2012-2016,"American Community Survey",,,,,,,,,,
"Per Capita Income","This indicator shows the per capita income.","Zip Code",94580,25889,dollars,24653,27125,No,2011-2015,"American Community Survey",,,,,,,,,,
"Per Capita Income","This indicator shows the per capita income.","Zip Code",94580,25669,dollars,24736,26602,No,2010-2014,"American Community Survey",,,,,,,,,,
"Per Capita Income","This indicator shows the per capita income.","Zip Code",94580,25334,dollars,24147,26521,No,2009-2013,"American Community Survey",,,,,,,,,,
"Per Capita Income","This indicator shows the per capita income.","Zip Code",94580,24738,dollars,23593,25883,No,2008-2012,"American Community Survey",,,,,,,,,,
"Per Capita Income","This indicator shows the per capita income.","Zip Code",94580,24872,dollars,23696,26048,No,2007-2011,"American Community Survey",,,,,,,,,,
"Per Capita Income","This indicator shows the per capita income.","Zip Code",94586,68908,dollars,49861,87955,No,2014-2018,"American Community Survey",,,,,,,,,,
"Per Capita Income","This indicator shows the per capita income.","Zip Code",94586,75310,dollars,56577,94043,No,2013-2017,"American Community Survey",,,,,,,,,,
"Per Capita Income","This indicator shows the per capita income.","Zip Code",94586,59135,dollars,41187,77083,No,2012-2016,"American Community Survey",,,,,,,,,,
"Per Capita Income","This indicator shows the per capita income.","Zip Code",94586,51779,dollars,38956,64602,No,2011-2015,"American Community Survey",,,,,,,,,,
"Per Capita Income","This indicator shows the per capita income.","Zip Code",94586,56285,dollars,41637,70933,No,2010-2014,"American Community Survey",,,,,,,,,,
"Per Capita Income","This indicator shows the per capita income.","Zip Code",94586,63853,dollars,51047,76659,No,2009-2013,"American Community Survey",,,,,,,,,,
"Per Capita Income","This indicator shows the per capita income.","Zip Code",94586,74133,dollars,52596,95670,No,2008-2012,"American Community Survey",,,,,,,,,,
"Per Capita Income","This indicator shows the per capita income.","Zip Code",94586,64776,dollars,43671,85881,No,2007-2011,"American Community Survey",,,,,,,,,,
"Per Capita Income","This indicator shows the per capita income.","Zip Code",94587,38484,dollars,37401,39567,No,2014-2018,"American Community Survey",,,,,,,,,,
"Per Capita Income","This indicator shows the per capita income.","Zip Code",94587,34727,dollars,33757,35697,No,2013-2017,"American Community Survey",,,,,,,,,,
"Per Capita Income","This indicator shows the per capita income.","Zip Code",94587,32515,dollars,31583,33447,No,2012-2016,"American Community Survey",,,,,,,,,,
"Per Capita Income","This indicator shows the per capita income.","Zip Code",94587,30463,dollars,29562,31364,No,2011-2015,"American Community Survey",,,,,,,,,,
"Per Capita Income","This indicator shows the per capita income.","Zip Code",94587,30158,dollars,29258,31058,No,2010-2014,"American Community Survey",,,,,,,,,,
"Per Capita Income","This indicator shows the per capita income.","Zip Code",94587,29685,dollars,28740,30630,No,2009-2013,"American Community Survey",,,,,,,,,,
"Per Capita Income","This indicator shows the per capita income.","Zip Code",94587,30027,dollars,29105,30949,No,2008-2012,"American Community Survey",,,,,,,,,,
"Per Capita Income","This indicator shows the per capita income.","Zip Code",94587,29612,dollars,28624,30600,No,2007-2011,"American Community Survey",,,,,,,,,,
"Per Capita Income","This indicator shows the per capita income.","Zip Code",94588,59700,dollars,56968,62432,No,2014-2018,"American Community Survey",,,,,,,,,,
"Per Capita Income","This indicator shows the per capita income.","Zip Code",94588,55528,dollars,52616,58440,No,2013-2017,"American Community Survey",,,,,,,,,,
"Per Capita Income","This indicator shows the per capita income.","Zip Code",94588,53005,dollars,50120,55890,No,2012-2016,"American Community Survey",,,,,,,,,,
"Per Capita Income","This indicator shows the per capita income.","Zip Code",94588,51625,dollars,48964,54286,No,2011-2015,"American Community Survey",,,,,,,,,,
"Per Capita Income","This indicator shows the per capita income.","Zip Code",94588,50620,dollars,47794,53446,No,2010-2014,"American Community Survey",,,,,,,,,,
"Per Capita Income","This indicator shows the per capita income.","Zip Code",94588,49641,dollars,46528,52754,No,2009-2013,"American Community Survey",,,,,,,,,,
"Per Capita Income","This indicator shows the per capita income.","Zip Code",94588,49872,dollars,47185,52559,No,2008-2012,"American Community Survey",,,,,,,,,,
"Per Capita Income","This indicator shows the per capita income.","Zip Code",94588,50081,dollars,47267,52895,No,2007-2011,"American Community Survey",,,,,,,,,,
"Per Capita Income","This indicator shows the per capita income.","Zip Code",94601,20335,dollars,19443,21227,No,2014-2018,"American Community Survey",,,,,,,,,,
"Per Capita Income","This indicator shows the per capita income.","Zip Code",94601,19425,dollars,18403,20447,No,2013-2017,"American Community Survey",,,,,,,,,,
"Per Capita Income","This indicator shows the per capita income.","Zip Code",94601,17800,dollars,16888,18712,No,2012-2016,"American Community Survey",,,,,,,,,,
"Per Capita Income","This indicator shows the per capita income.","Zip Code",94601,16672,dollars,15923,17421,No,2011-2015,"American Community Survey",,,,,,,,,,
"Per Capita Income","This indicator shows the per capita income.","Zip Code",94601,16405,dollars,15712,17098,No,2010-2014,"American Community Survey",,,,,,,,,,
"Per Capita Income","This indicator shows the per capita income.","Zip Code",94601,16215,dollars,15441,16989,No,2009-2013,"American Community Survey",,,,,,,,,,
"Per Capita Income","This indicator shows the per capita income.","Zip Code",94601,16195,dollars,15406,16984,No,2008-2012,"American Community Survey",,,,,,,,,,
"Per Capita Income","This indicator shows the per capita income.","Zip Code",94601,15896,dollars,15079,16713,No,2007-2011,"American Community Survey",,,,,,,,,,
"Per Capita Income","This indicator shows the per capita income.","Zip Code",94602,50952,dollars,48137,53767,No,2014-2018,"American Community Survey",,,,,,,,,,
"Per Capita Income","This indicator shows the per capita income.","Zip Code",94602,45394,dollars,43064,47724,No,2013-2017,"American Community Survey",,,,,,,,,,
"Per Capita Income","This indicator shows the per capita income.","Zip Code",94602,44353,dollars,40853,47853,No,2012-2016,"American Community Survey",,,,,,,,,,
"Per Capita Income","This indicator shows the per capita income.","Zip Code",94602,41723,dollars,38667,44779,No,2011-2015,"American Community Survey",,,,,,,,,,
"Per Capita Income","This indicator shows the per capita income.","Zip Code",94602,41544,dollars,38757,44331,No,2010-2014,"American Community Survey",,,,,,,,,,
"Per Capita Income","This indicator shows the per capita income.","Zip Code",94602,42325,dollars,39776,44874,No,2009-2013,"American Community Survey",,,,,,,,,,
"Per Capita Income","This indicator shows the per capita income.","Zip Code",94602,40392,dollars,37954,42830,No,2008-2012,"American Community Survey",,,,,,,,,,
"Per Capita Income","This indicator shows the per capita income.","Zip Code",94602,38785,dollars,36968,40602,No,2007-2011,"American Community Survey",,,,,,,,,,
"Per Capita Income","This indicator shows the per capita income.","Zip Code",94603,19338,dollars,18609,20067,No,2014-2018,"American Community Survey",,,,,,,,,,
"Per Capita Income","This indicator shows the per capita income.","Zip Code",94603,18787,dollars,17968,19606,No,2013-2017,"American Community Survey",,,,,,,,,,
"Per Capita Income","This indicator shows the per capita income.","Zip Code",94603,17519,dollars,16765,18273,No,2012-2016,"American Community Survey",,,,,,,,,,
"Per Capita Income","This indicator shows the per capita income.","Zip Code",94603,17310,dollars,16572,18048,No,2011-2015,"American Community Survey",,,,,,,,,,
"Per Capita Income","This indicator shows the per capita income.","Zip Code",94603,16718,dollars,15862,17574,No,2010-2014,"American Community Survey",,,,,,,,,,
"Per Capita Income","This indicator shows the per capita income.","Zip Code",94603,16285,dollars,15431,17139,No,2009-2013,"American Community Survey",,,,,,,,,,
"Per Capita Income","This indicator shows the per capita income.","Zip Code",94603,15529,dollars,14603,16455,No,2008-2012,"American Community Survey",,,,,,,,,,
"Per Capita Income","This indicator shows the per capita income.","Zip Code",94603,15520,dollars,14750,16290,No,2007-2011,"American Community Survey",,,,,,,,,,
"Per Capita Income","This indicator shows the per capita income.","Zip Code",94605,37495,dollars,34461,40529,No,2014-2018,"American Community Survey",,,,,,,,,,
"Per Capita Income","This indicator shows the per capita income.","Zip Code",94605,33341,dollars,30716,35966,No,2013-2017,"American Community Survey",,,,,,,,,,
"Per Capita Income","This indicator shows the per capita income.","Zip Code",94605,31144,dollars,28875,33413,No,2012-2016,"American Community Survey",,,,,,,,,,
"Per Capita Income","This indicator shows the per capita income.","Zip Code",94605,28592,dollars,26948,30236,No,2011-2015,"American Community Survey",,,,,,,,,,
"Per Capita Income","This indicator shows the per capita income.","Zip Code",94605,27366,dollars,25438,29294,No,2010-2014,"American Community Survey",,,,,,,,,,
"Per Capita Income","This indicator shows the per capita income.","Zip Code",94605,27024,dollars,25860,28188,No,2009-2013,"American Community Survey",,,,,,,,,,
"Per Capita Income","This indicator shows the per capita income.","Zip Code",94605,28381,dollars,27143,29619,No,2008-2012,"American Community Survey",,,,,,,,,,
"Per Capita Income","This indicator shows the per capita income.","Zip Code",94605,28039,dollars,26698,29380,No,2007-2011,"American Community Survey",,,,,,,,,,
"Per Capita Income","This indicator shows the per capita income.","Zip Code",94606,29339,dollars,28096,30582,No,2014-2018,"American Community Survey",,,,,,,,,,
"Per Capita Income","This indicator shows the per capita income.","Zip Code",94606,26244,dollars,24888,27600,No,2013-2017,"American Community Survey",,,,,,,,,,
"Per Capita Income","This indicator shows the per capita income.","Zip Code",94606,24237,dollars,23106,25368,No,2012-2016,"American Community Survey",,,,,,,,,,
"Per Capita Income","This indicator shows the per capita income.","Zip Code",94606,22625,dollars,21465,23785,No,2011-2015,"American Community Survey",,,,,,,,,,
"Per Capita Income","This indicator shows the per capita income.","Zip Code",94606,21275,dollars,20093,22457,No,2010-2014,"American Community Survey",,,,,,,,,,
"Per Capita Income","This indicator shows the per capita income.","Zip Code",94606,21747,dollars,20404,23090,No,2009-2013,"American Community Survey",,,,,,,,,,
"Per Capita Income","This indicator shows the per capita income.","Zip Code",94606,21834,dollars,20579,23089,No,2008-2012,"American Community Survey",,,,,,,,,,
"Per Capita Income","This indicator shows the per capita income.","Zip Code",94606,22035,dollars,20809,23261,No,2007-2011,"American Community Survey",,,,,,,,,,
"Per Capita Income","This indicator shows the per capita income.","Zip Code",94607,36394,dollars,34580,38208,No,2014-2018,"American Community Survey",,,,,,,,,,
"Per Capita Income","This indicator shows the per capita income.","Zip Code",94607,31549,dollars,30103,32995,No,2013-2017,"American Community Survey",,,,,,,,,,
"Per Capita Income","This indicator shows the per capita income.","Zip Code",94607,28905,dollars,27042,30768,No,2012-2016,"American Community Survey",,,,,,,,,,
"Per Capita Income","This indicator shows the per capita income.","Zip Code",94607,27212,dollars,25782,28642,No,2011-2015,"American Community Survey",,,,,,,,,,
"Per Capita Income","This indicator shows the per capita income.","Zip Code",94607,26192,dollars,24663,27721,No,2010-2014,"American Community Survey",,,,,,,,,,
"Per Capita Income","This indicator shows the per capita income.","Zip Code",94607,24142,dollars,22778,25506,No,2009-2013,"American Community Survey",,,,,,,,,,
"Per Capita Income","This indicator shows the per capita income.","Zip Code",94607,24095,dollars,22784,25406,No,2008-2012,"American Community Survey",,,,,,,,,,
"Per Capita Income","This indicator shows the per capita income.","Zip Code",94607,23942,dollars,22448,25436,No,2007-2011,"American Community Survey",,,,,,,,,,
"Per Capita Income","This indicator shows the per capita income.","Zip Code",94608,50280,dollars,47677,52883,No,2014-2018,"American Community Survey",,,,,,,,,,
"Per Capita Income","This indicator shows the per capita income.","Zip Code",94608,45760,dollars,43435,48085,No,2013-2017,"American Community Survey",,,,,,,,,,
"Per Capita Income","This indicator shows the per capita income.","Zip Code",94608,41789,dollars,39652,43926,No,2012-2016,"American Community Survey",,,,,,,,,,
"Per Capita Income","This indicator shows the per capita income.","Zip Code",94608,40751,dollars,38561,42941,No,2011-2015,"American Community Survey",,,,,,,,,,
"Per Capita Income","This indicator shows the per capita income.","Zip Code",94608,39577,dollars,37133,42021,No,2010-2014,"American Community Survey",,,,,,,,,,
"Per Capita Income","This indicator shows the per capita income.","Zip Code",94608,36714,dollars,34115,39313,No,2009-2013,"American Community Survey",,,,,,,,,,
"Per Capita Income","This indicator shows the per capita income.","Zip Code",94608,37030,dollars,34189,39871,No,2008-2012,"American Community Survey",,,,,,,,,,
"Per Capita Income","This indicator shows the per capita income.","Zip Code",94608,36473,dollars,33726,39220,No,2007-2011,"American Community Survey",,,,,,,,,,
"Per Capita Income","This indicator shows the per capita income.","Zip Code",94609,47790,dollars,44621,50959,No,2014-2018,"American Community Survey",,,,,,,,,,
"Per Capita Income","This indicator shows the per capita income.","Zip Code",94609,43770,dollars,41327,46213,No,2013-2017,"American Community Survey",,,,,,,,,,
"Per Capita Income","This indicator shows the per capita income.","Zip Code",94609,39975,dollars,37736,42214,No,2012-2016,"American Community Survey",,,,,,,,,,
"Per Capita Income","This indicator shows the per capita income.","Zip Code",94609,36056,dollars,34077,38035,No,2011-2015,"American Community Survey",,,,,,,,,,
"Per Capita Income","This indicator shows the per capita income.","Zip Code",94609,34932,dollars,32954,36910,No,2010-2014,"American Community Survey",,,,,,,,,,
"Per Capita Income","This indicator shows the per capita income.","Zip Code",94609,34084,dollars,31934,36234,No,2009-2013,"American Community Survey",,,,,,,,,,
"Per Capita Income","This indicator shows the per capita income.","Zip Code",94609,31854,dollars,29933,33775,No,2008-2012,"American Community Survey",,,,,,,,,,
"Per Capita Income","This indicator shows the per capita income.","Zip Code",94609,31492,dollars,29728,33256,No,2007-2011,"American Community Survey",,,,,,,,,,
"Per Capita Income","This indicator shows the per capita income.","Zip Code",94610,67152,dollars,63948,70356,No,2014-2018,"American Community Survey",,,,,,,,,,
"Per Capita Income","This indicator shows the per capita income.","Zip Code",94610,61455,dollars,58620,64290,No,2013-2017,"American Community Survey",,,,,,,,,,
"Per Capita Income","This indicator shows the per capita income.","Zip Code",94610,58348,dollars,55660,61036,No,2012-2016,"American Community Survey",,,,,,,,,,
"Per Capita Income","This indicator shows the per capita income.","Zip Code",94610,58891,dollars,56163,61619,No,2011-2015,"American Community Survey",,,,,,,,,,
"Per Capita Income","This indicator shows the per capita income.","Zip Code",94610,58836,dollars,55968,61704,No,2010-2014,"American Community Survey",,,,,,,,,,
"Per Capita Income","This indicator shows the per capita income.","Zip Code",94610,57078,dollars,54108,60048,No,2009-2013,"American Community Survey",,,,,,,,,,
"Per Capita Income","This indicator shows the per capita income.","Zip Code",94610,57803,dollars,55133,60473,No,2008-2012,"American Community Survey",,,,,,,,,,
"Per Capita Income","This indicator shows the per capita income.","Zip Code",94610,55281,dollars,52499,58063,No,2007-2011,"American Community Survey",,,,,,,,,,
"Per Capita Income","This indicator shows the per capita income.","Zip Code",94611,78683,dollars,75059,82307,No,2014-2018,"American Community Survey",,,,,,,,,,
"Per Capita Income","This indicator shows the per capita income.","Zip Code",94611,77562,dollars,72297,82827,No,2013-2017,"American Community Survey",,,,,,,,,,
"Per Capita Income","This indicator shows the per capita income.","Zip Code",94611,75877,dollars,72065,79689,No,2012-2016,"American Community Survey",,,,,,,,,,
"Per Capita Income","This indicator shows the per capita income.","Zip Code",94611,74962,dollars,70817,79107,No,2011-2015,"American Community Survey",,,,,,,,,,
"Per Capita Income","This indicator shows the per capita income.","Zip Code",94611,73168,dollars,69016,77320,No,2010-2014,"American Community Survey",,,,,,,,,,
"Per Capita Income","This indicator shows the per capita income.","Zip Code",94611,71760,dollars,68320,75200,No,2009-2013,"American Community Survey",,,,,,,,,,
"Per Capita Income","This indicator shows the per capita income.","Zip Code",94611,69407,dollars,65557,73257,No,2008-2012,"American Community Survey",,,,,,,,,,
"Per Capita Income","This indicator shows the per capita income.","Zip Code",94611,67206,dollars,63701,70711,No,2007-2011,"American Community Survey",,,,,,,,,,
"Per Capita Income","This indicator shows the per capita income.","Zip Code",94612,48526,dollars,44570,52482,No,2014-2018,"American Community Survey",,,,,,,,,,
"Per Capita Income","This indicator shows the per capita income.","Zip Code",94612,41355,dollars,38274,44436,No,2013-2017,"American Community Survey",,,,,,,,,,
"Per Capita Income","This indicator shows the per capita income.","Zip Code",94612,36452,dollars,33769,39135,No,2012-2016,"American Community Survey",,,,,,,,,,
"Per Capita Income","This indicator shows the per capita income.","Zip Code",94612,32425,dollars,29773,35077,No,2011-2015,"American Community Survey",,,,,,,,,,
"Per Capita Income","This indicator shows the per capita income.","Zip Code",94612,29220,dollars,26899,31541,No,2010-2014,"American Community Survey",,,,,,,,,,
"Per Capita Income","This indicator shows the per capita income.","Zip Code",94612,28528,dollars,26218,30838,No,2009-2013,"American Community Survey",,,,,,,,,,
"Per Capita Income","This indicator shows the per capita income.","Zip Code",94612,28611,dollars,25366,31856,No,2008-2012,"American Community Survey",,,,,,,,,,
"Per Capita Income","This indicator shows the per capita income.","Zip Code",94612,29940,dollars,26414,33466,No,2007-2011,"American Community Survey",,,,,,,,,,
"Per Capita Income","This indicator shows the per capita income.","Zip Code",94613,4040,dollars,2945,5135,No,2014-2018,"American Community Survey",,,,,,,,,,
"Per Capita Income","This indicator shows the per capita income.","Zip Code",94613,7764,dollars,3875,11653,No,2013-2017,"American Community Survey",,,,,,,,,,
"Per Capita Income","This indicator shows the per capita income.","Zip Code",94613,9062,dollars,5139,12985,No,2012-2016,"American Community Survey",,,,,,,,,,
"Per Capita Income","This indicator shows the per capita income.","Zip Code",94613,8966,dollars,5148,12784,No,2011-2015,"American Community Survey",,,,,,,,,,
"Per Capita Income","This indicator shows the per capita income.","Zip Code",94613,9393,dollars,5559,13227,No,2010-2014,"American Community Survey",,,,,,,,,,
"Per Capita Income","This indicator shows the per capita income.","Zip Code",94613,10090,dollars,5592,14588,No,2009-2013,"American Community Survey",,,,,,,,,,
"Per Capita Income","This indicator shows the per capita income.","Zip Code",94613,7974,dollars,4728,11220,No,2008-2012,"American Community Survey",,,,,,,,,,
"Per Capita Income","This indicator shows the per capita income.","Zip Code",94613,5274,dollars,2629,7919,No,2007-2011,"American Community Survey",,,,,,,,,,
"Per Capita Income","This indicator shows the per capita income.","Zip Code",94618,90384,dollars,83983,96785,No,2014-2018,"American Community Survey",,,,,,,,,,
"Per Capita Income","This indicator shows the per capita income.","Zip Code",94618,78864,dollars,73345,84383,No,2013-2017,"American Community Survey",,,,,,,,,,
"Per Capita Income","This indicator shows the per capita income.","Zip Code",94618,77535,dollars,72011,83059,No,2012-2016,"American Community Survey",,,,,,,,,,
"Per Capita Income","This indicator shows the per capita income.","Zip Code",94618,75889,dollars,69861,81917,No,2011-2015,"American Community Survey",,,,,,,,,,
"Per Capita Income","This indicator shows the per capita income.","Zip Code",94618,73419,dollars,69507,77331,No,2010-2014,"American Community Survey",,,,,,,,,,
"Per Capita Income","This indicator shows the per capita income.","Zip Code",94618,71892,dollars,67542,76242,No,2009-2013,"American Community Survey",,,,,,,,,,
"Per Capita Income","This indicator shows the per capita income.","Zip Code",94618,74534,dollars,69696,79372,No,2008-2012,"American Community Survey",,,,,,,,,,
"Per Capita Income","This indicator shows the per capita income.","Zip Code",94618,76684,dollars,71175,82193,No,2007-2011,"American Community Survey",,,,,,,,,,
"Per Capita Income","This indicator shows the per capita income.","Zip Code",94619,45967,dollars,42850,49084,No,2014-2018,"American Community Survey",,,,,,,,,,
"Per Capita Income","This indicator shows the per capita income.","Zip Code",94619,42503,dollars,39617,45389,No,2013-2017,"American Community Survey",,,,,,,,,,
"Per Capita Income","This indicator shows the per capita income.","Zip Code",94619,40063,dollars,37847,42279,No,2012-2016,"American Community Survey",,,,,,,,,,
"Per Capita Income","This indicator shows the per capita income.","Zip Code",94619,39909,dollars,37253,42565,No,2011-2015,"American Community Survey",,,,,,,,,,
"Per Capita Income","This indicator shows the per capita income.","Zip Code",94619,40124,dollars,36704,43544,No,2010-2014,"American Community Survey",,,,,,,,,,
"Per Capita Income","This indicator shows the per capita income.","Zip Code",94619,38901,dollars,36403,41399,No,2009-2013,"American Community Survey",,,,,,,,,,
"Per Capita Income","This indicator shows the per capita income.","Zip Code",94619,37961,dollars,35223,40699,No,2008-2012,"American Community Survey",,,,,,,,,,
"Per Capita Income","This indicator shows the per capita income.","Zip Code",94619,37462,dollars,34772,40152,No,2007-2011,"American Community Survey",,,,,,,,,,
"Per Capita Income","This indicator shows the per capita income.","Zip Code",94621,15973,dollars,15065,16881,No,2014-2018,"American Community Survey",,,,,,,,,,
"Per Capita Income","This indicator shows the per capita income.","Zip Code",94621,14765,dollars,13880,15650,No,2013-2017,"American Community Survey",,,,,,,,,,
"Per Capita Income","This indicator shows the per capita income.","Zip Code",94621,12822,dollars,12099,13545,No,2012-2016,"American Community Survey",,,,,,,,,,
"Per Capita Income","This indicator shows the per capita income.","Zip Code",94621,13082,dollars,12295,13869,No,2011-2015,"American Community Survey",,,,,,,,,,
"Per Capita Income","This indicator shows the per capita income.","Zip Code",94621,12351,dollars,11644,13058,No,2010-2014,"American Community Survey",,,,,,,,,,
"Per Capita Income","This indicator shows the per capita income.","Zip Code",94621,12405,dollars,11736,13074,No,2009-2013,"American Community Survey",,,,,,,,,,
"Per Capita Income","This indicator shows the per capita income.","Zip Code",94621,12827,dollars,12048,13606,No,2008-2012,"American Community Survey",,,,,,,,,,
"Per Capita Income","This indicator shows the per capita income.","Zip Code",94621,12965,dollars,12211,13719,No,2007-2011,"American Community Survey",,,,,,,,,,
"Per Capita Income","This indicator shows the per capita income.","Zip Code",94702,47049,dollars,44398,49700,No,2014-2018,"American Community Survey",,,,,,,,,,
"Per Capita Income","This indicator shows the per capita income.","Zip Code",94702,43202,dollars,41131,45273,No,2013-2017,"American Community Survey",,,,,,,,,,
"Per Capita Income","This indicator shows the per capita income.","Zip Code",94702,39753,dollars,37745,41761,No,2012-2016,"American Community Survey",,,,,,,,,,
"Per Capita Income","This indicator shows the per capita income.","Zip Code",94702,37177,dollars,34997,39357,No,2011-2015,"American Community Survey",,,,,,,,,,
"Per Capita Income","This indicator shows the per capita income.","Zip Code",94702,36522,dollars,34414,38630,No,2010-2014,"American Community Survey",,,,,,,,,,
"Per Capita Income","This indicator shows the per capita income.","Zip Code",94702,36181,dollars,34101,38261,No,2009-2013,"American Community Survey",,,,,,,,,,
"Per Capita Income","This indicator shows the per capita income.","Zip Code",94702,34920,dollars,32738,37102,No,2008-2012,"American Community Survey",,,,,,,,,,
"Per Capita Income","This indicator shows the per capita income.","Zip Code",94702,34924,dollars,32439,37409,No,2007-2011,"American Community Survey",,,,,,,,,,
"Per Capita Income","This indicator shows the per capita income.","Zip Code",94703,45542,dollars,43153,47931,No,2014-2018,"American Community Survey",,,,,,,,,,
"Per Capita Income","This indicator shows the per capita income.","Zip Code",94703,42966,dollars,40563,45369,No,2013-2017,"American Community Survey",,,,,,,,,,
"Per Capita Income","This indicator shows the per capita income.","Zip Code",94703,40584,dollars,38196,42972,No,2012-2016,"American Community Survey",,,,,,,,,,
"Per Capita Income","This indicator shows the per capita income.","Zip Code",94703,38791,dollars,36784,40798,No,2011-2015,"American Community Survey",,,,,,,,,,
"Per Capita Income","This indicator shows the per capita income.","Zip Code",94703,36909,dollars,34583,39235,No,2010-2014,"American Community Survey",,,,,,,,,,
"Per Capita Income","This indicator shows the per capita income.","Zip Code",94703,35844,dollars,33349,38339,No,2009-2013,"American Community Survey",,,,,,,,,,
"Per Capita Income","This indicator shows the per capita income.","Zip Code",94703,34315,dollars,31702,36928,No,2008-2012,"American Community Survey",,,,,,,,,,
"Per Capita Income","This indicator shows the per capita income.","Zip Code",94703,32848,dollars,30425,35271,No,2007-2011,"American Community Survey",,,,,,,,,,
"Per Capita Income","This indicator shows the per capita income.","Zip Code",94704,19692,dollars,18165,21219,No,2014-2018,"American Community Survey",,,,,,,,,,
"Per Capita Income","This indicator shows the per capita income.","Zip Code",94704,18686,dollars,16912,20460,No,2013-2017,"American Community Survey",,,,,,,,,,
"Per Capita Income","This indicator shows the per capita income.","Zip Code",94704,20014,dollars,18185,21843,No,2012-2016,"American Community Survey",,,,,,,,,,
"Per Capita Income","This indicator shows the per capita income.","Zip Code",94704,20723,dollars,18749,22697,No,2011-2015,"American Community Survey",,,,,,,,,,
"Per Capita Income","This indicator shows the per capita income.","Zip Code",94704,21062,dollars,18734,23390,No,2010-2014,"American Community Survey",,,,,,,,,,
"Per Capita Income","This indicator shows the per capita income.","Zip Code",94704,20430,dollars,18739,22121,No,2009-2013,"American Community Survey",,,,,,,,,,
"Per Capita Income","This indicator shows the per capita income.","Zip Code",94704,20028,dollars,18299,21757,No,2008-2012,"American Community Survey",,,,,,,,,,
"Per Capita Income","This indicator shows the per capita income.","Zip Code",94704,19187,dollars,17401,20973,No,2007-2011,"American Community Survey",,,,,,,,,,
"Per Capita Income","This indicator shows the per capita income.","Zip Code",94705,85752,dollars,78864,92640,No,2014-2018,"American Community Survey",,,,,,,,,,
"Per Capita Income","This indicator shows the per capita income.","Zip Code",94705,79212,dollars,73465,84959,No,2013-2017,"American Community Survey",,,,,,,,,,
"Per Capita Income","This indicator shows the per capita income.","Zip Code",94705,76601,dollars,69812,83390,No,2012-2016,"American Community Survey",,,,,,,,,,
"Per Capita Income","This indicator shows the per capita income.","Zip Code",94705,73454,dollars,67659,79249,No,2011-2015,"American Community Survey",,,,,,,,,,
"Per Capita Income","This indicator shows the per capita income.","Zip Code",94705,72519,dollars,67612,77426,No,2010-2014,"American Community Survey",,,,,,,,,,
"Per Capita Income","This indicator shows the per capita income.","Zip Code",94705,69025,dollars,63606,74444,No,2009-2013,"American Community Survey",,,,,,,,,,
"Per Capita Income","This indicator shows the per capita income.","Zip Code",94705,70499,dollars,64536,76462,No,2008-2012,"American Community Survey",,,,,,,,,,
"Per Capita Income","This indicator shows the per capita income.","Zip Code",94705,68290,dollars,62866,73714,No,2007-2011,"American Community Survey",,,,,,,,,,
"Per Capita Income","This indicator shows the per capita income.","Zip Code",94706,47251,dollars,45125,49377,No,2014-2018,"American Community Survey",,,,,,,,,,
"Per Capita Income","This indicator shows the per capita income.","Zip Code",94706,45866,dollars,43365,48367,No,2013-2017,"American Community Survey",,,,,,,,,,
"Per Capita Income","This indicator shows the per capita income.","Zip Code",94706,44477,dollars,41170,47784,No,2012-2016,"American Community Survey",,,,,,,,,,
"Per Capita Income","This indicator shows the per capita income.","Zip Code",94706,42019,dollars,39204,44834,No,2011-2015,"American Community Survey",,,,,,,,,,
"Per Capita Income","This indicator shows the per capita income.","Zip Code",94706,41223,dollars,38717,43729,No,2010-2014,"American Community Survey",,,,,,,,,,
"Per Capita Income","This indicator shows the per capita income.","Zip Code",94706,40880,dollars,37579,44181,No,2009-2013,"American Community Survey",,,,,,,,,,
"Per Capita Income","This indicator shows the per capita income.","Zip Code",94706,40404,dollars,37379,43429,No,2008-2012,"American Community Survey",,,,,,,,,,
"Per Capita Income","This indicator shows the per capita income.","Zip Code",94706,38478,dollars,36439,40517,No,2007-2011,"American Community Survey",,,,,,,,,,
"Per Capita Income","This indicator shows the per capita income.","Zip Code",94707,86585,dollars,78703,94467,No,2014-2018,"American Community Survey",,,,,,,,,,
"Per Capita Income","This indicator shows the per capita income.","Zip Code",94707,78292,dollars,73353,83231,No,2013-2017,"American Community Survey",,,,,,,,,,
"Per Capita Income","This indicator shows the per capita income.","Zip Code",94707,75943,dollars,71454,80432,No,2012-2016,"American Community Survey",,,,,,,,,,
"Per Capita Income","This indicator shows the per capita income.","Zip Code",94707,73258,dollars,68175,78341,No,2011-2015,"American Community Survey",,,,,,,,,,
"Per Capita Income","This indicator shows the per capita income.","Zip Code",94707,73028,dollars,68451,77605,No,2010-2014,"American Community Survey",,,,,,,,,,
"Per Capita Income","This indicator shows the per capita income.","Zip Code",94707,70264,dollars,65486,75042,No,2009-2013,"American Community Survey",,,,,,,,,,
"Per Capita Income","This indicator shows the per capita income.","Zip Code",94707,70806,dollars,66552,75060,No,2008-2012,"American Community Survey",,,,,,,,,,
"Per Capita Income","This indicator shows the per capita income.","Zip Code",94707,67467,dollars,63044,71890,No,2007-2011,"American Community Survey",,,,,,,,,,
"Per Capita Income","This indicator shows the per capita income.","Zip Code",94708,91816,dollars,84595,99037,No,2014-2018,"American Community Survey",,,,,,,,,,
"Per Capita Income","This indicator shows the per capita income.","Zip Code",94708,88763,dollars,80514,97012,No,2013-2017,"American Community Survey",,,,,,,,,,
"Per Capita Income","This indicator shows the per capita income.","Zip Code",94708,87033,dollars,80120,93946,No,2012-2016,"American Community Survey",,,,,,,,,,
"Per Capita Income","This indicator shows the per capita income.","Zip Code",94708,81657,dollars,75592,87722,No,2011-2015,"American Community Survey",,,,,,,,,,
"Per Capita Income","This indicator shows the per capita income.","Zip Code",94708,81517,dollars,75743,87291,No,2010-2014,"American Community Survey",,,,,,,,,,
"Per Capita Income","This indicator shows the per capita income.","Zip Code",94708,78020,dollars,74024,82016,No,2009-2013,"American Community Survey",,,,,,,,,,
"Per Capita Income","This indicator shows the per capita income.","Zip Code",94708,76569,dollars,71166,81972,No,2008-2012,"American Community Survey",,,,,,,,,,
"Per Capita Income","This indicator shows the per capita income.","Zip Code",94708,73704,dollars,67916,79492,No,2007-2011,"American Community Survey",,,,,,,,,,
"Per Capita Income","This indicator shows the per capita income.","Zip Code",94709,47547,dollars,43561,51533,No,2014-2018,"American Community Survey",,,,,,,,,,
"Per Capita Income","This indicator shows the per capita income.","Zip Code",94709,45840,dollars,41763,49917,No,2013-2017,"American Community Survey",,,,,,,,,,
"Per Capita Income","This indicator shows the per capita income.","Zip Code",94709,44271,dollars,41408,47134,No,2012-2016,"American Community Survey",,,,,,,,,,
"Per Capita Income","This indicator shows the per capita income.","Zip Code",94709,41079,dollars,37806,44352,No,2011-2015,"American Community Survey",,,,,,,,,,
"Per Capita Income","This indicator shows the per capita income.","Zip Code",94709,38501,dollars,35303,41699,No,2010-2014,"American Community Survey",,,,,,,,,,
"Per Capita Income","This indicator shows the per capita income.","Zip Code",94709,36941,dollars,33987,39895,No,2009-2013,"American Community Survey",,,,,,,,,,
"Per Capita Income","This indicator shows the per capita income.","Zip Code",94709,37588,dollars,34239,40937,No,2008-2012,"American Community Survey",,,,,,,,,,
"Per Capita Income","This indicator shows the per capita income.","Zip Code",94709,36668,dollars,33344,39992,No,2007-2011,"American Community Survey",,,,,,,,,,
"Per Capita Income","This indicator shows the per capita income.","Zip Code",94710,40417,dollars,36955,43879,No,2014-2018,"American Community Survey",,,,,,,,,,
"Per Capita Income","This indicator shows the per capita income.","Zip Code",94710,40049,dollars,35353,44745,No,2013-2017,"American Community Survey",,,,,,,,,,
"Per Capita Income","This indicator shows the per capita income.","Zip Code",94710,38088,dollars,34431,41745,No,2012-2016,"American Community Survey",,,,,,,,,,
"Per Capita Income","This indicator shows the per capita income.","Zip Code",94710,33476,dollars,30351,36601,No,2011-2015,"American Community Survey",,,,,,,,,,
"Per Capita Income","This indicator shows the per capita income.","Zip Code",94710,35918,dollars,31827,40009,No,2010-2014,"American Community Survey",,,,,,,,,,
"Per Capita Income","This indicator shows the per capita income.","Zip Code",94710,34770,dollars,31206,38334,No,2009-2013,"American Community Survey",,,,,,,,,,
"Per Capita Income","This indicator shows the per capita income.","Zip Code",94710,32941,dollars,29607,36275,No,2008-2012,"American Community Survey",,,,,,,,,,
"Per Capita Income","This indicator shows the per capita income.","Zip Code",94710,27620,dollars,24545,30695,No,2007-2011,"American Community Survey",,,,,,,,,,
"Per Capita Income","This indicator shows the per capita income.","Zip Code",94720,6509,dollars,3204,9814,No,2014-2018,"American Community Survey",,,,,,,,,,
"Per Capita Income","This indicator shows the per capita income.","Zip Code",94720,9970,dollars,6610,13330,No,2013-2017,"American Community Survey",,,,,,,,,,
"Per Capita Income","This indicator shows the per capita income.","Zip Code",94720,12529,dollars,8638,16420,No,2012-2016,"American Community Survey",,,,,,,,,,
"Per Capita Income","This indicator shows the per capita income.","Zip Code",94720,13801,dollars,9276,18326,No,2011-2015,"American Community Survey",,,,,,,,,,
"Per Capita Income","This indicator shows the per capita income.","Zip Code",94720,11189,dollars,7318,15060,No,2010-2014,"American Community Survey",,,,,,,,,,
"Per Capita Income","This indicator shows the per capita income.","Zip Code",94720,11820,dollars,8237,15403,No,2009-2013,"American Community Survey",,,,,,,,,,
"Per Capita Income","This indicator shows the per capita income.","Zip Code",94720,10301,dollars,5356,15246,No,2008-2012,"American Community Survey",,,,,,,,,,
"Per Capita Income","This indicator shows the per capita income.","Zip Code",94720,6593,dollars,3854,9332,No,2007-2011,"American Community Survey",,,,,,,,,,
